person_id,first_name,last_name,phone_num,email,address
1,Ellesse,Mohamed,(271) 984-3121,ellessemohamed@gmail.com,2335 Canton Hwy #6
2,Arjan,Glover,(231) 804-5311,arjanglover@gmail.com,6 Arch St #9757
3,Cameron,Mansell,(850) 498-9465,cameronmansell@gmail.com,9547 Belmont Rd #21
4,Isadora,Bowes,(907) 663-6237,isadorabowes@gmail.com,73 Pittsford Victor Rd
5,Katharine,Wiley,(692) 522-2946,katharinewiley@gmail.com,447 Commercial St Se
6,Clark,Potter,(817) 753-6069,clarkpotter@gmail.com,47 Garfield Ave
7,Anderson,Stamp,(798) 470-5190,andersonstamp@gmail.com,3 Mill Rd
8,Rui,Huang,(389) 356-2975,ruihuang@gmail.com,136 W Grand Ave #3
9,Indi,Cisneros,(813) 438-4091,indicisneros@gmail.com,80 Maplewood Dr #34
10,Amelia,Oakley,(612) 386-3649,ameliaoakley@gmail.com,58 Hancock St
11,Lemar,Gibbons,(396) 571-1547,lemargibbons@gmail.com,808 Calle De Industrias
12,Hallie,Cook,(715) 725-4588,halliecook@gmail.com,2859 Dorsett Rd
13,Esmai,Dean,(883) 568-0880,esmaidean@gmail.com,6857 Wall St
14,Aliesha,James,(375) 837-9574,alieshajames@gmail.com,169 Journal Sq
15,Cobie,Bolton,(329) 331-7109,cobiebolton@gmail.com,3 E 31st St #77
16,Ubaid,Petersen,(681) 281-3991,ubaidpetersen@gmail.com,7 N Dean St
17,Ifan,Ferry,(677) 619-3998,ifanferry@gmail.com,85 S State St
18,Simra,Humphrey,(249) 974-5323,simrahumphrey@gmail.com,100 Main St
19,Wasim,Corona,(872) 429-0006,wasimcorona@gmail.com,6185 Bohn St #72
20,Bella,Grainger,(495) 902-2967,bellagrainger@gmail.com,2 Sutton Pl S #5727
21,Irene,Bloggs,(485) 473-8707,irenebloggs@gmail.com,1534 Sidco Dr
22,Tj,Dorsey,(605) 218-1188,tjdorsey@gmail.com,4207 Leon Rd
23,Lilly,Wainwright,(615) 256-0150,lillywainwright@gmail.com,7564 N Academy Ave
24,Vikram,Correa,(518) 322-7076,vikramcorrea@gmail.com,88 E Saint Elmo Rd
25,Humayra,Rocha,(476) 264-9058,humayrarocha@gmail.com,75 Westchester Ave
26,Zi,Maldonado,(587) 545-8809,zimaldonado@gmail.com,89 W 35th St #1
27,Aiysha,Cotton,(940) 802-4187,aiyshacotton@gmail.com,1 Norris Ave #4095
28,Karl,Bond,(983) 902-8081,karlbond@gmail.com,5174 Interstate 45 N
29,Mark,Frame,(671) 694-4735,markframe@gmail.com,765 Rock Island Rd
30,Shay,Parra,(413) 920-9710,shayparra@gmail.com,7979 33  191
31,Ailish,Cherry,(571) 542-1978,ailishcherry@gmail.com,202 Madison Ave
32,Macauly,Thorpe,(395) 329-5024,macaulythorpe@gmail.com,56 Corporate Dr
33,Sila,Griffiths,(747) 383-3456,silagriffiths@gmail.com,37 Us Highway 12e E #6
34,Falak,Brady,(978) 396-4526,falakbrady@gmail.com,6734 W Jackson Blvd
35,Millie-Rose,Bonner,(577) 590-1584,millie-rosebonner@gmail.com,7 Tomahawk Dr
36,Ashleigh,Harvey,(528) 350-5117,ashleighharvey@gmail.com,1 Vernon Blvd
37,Caitlin,Mccarthy,(552) 808-3890,caitlinmccarthy@gmail.com,2726 Franklin Hill Rd
38,Heather,Zuniga,(756) 284-4863,heatherzuniga@gmail.com,6335 Fort Myer Dr
39,Maira,Hughes,(569) 303-0803,mairahughes@gmail.com,220 Old Us Highway 441
40,Izabel,Tomlinson,(625) 946-5549,izabeltomlinson@gmail.com,77 Central Pky N
41,Hilary,Bright,(929) 599-5380,hilarybright@gmail.com,781 Alabama Ave
42,Mathew,Beltran,(523) 594-3161,mathewbeltran@gmail.com,22 Dearborn St
43,Emerson,Molina,(967) 247-0820,emersonmolina@gmail.com,21 E 64th Ave
44,Kaylum,Hunt,(208) 916-3535,kaylumhunt@gmail.com,9 N Central Ave
45,Fergus,Hansen,(620) 716-9781,fergushansen@gmail.com,